Firm,Year,Employment
ABANA,1998,17
ADANA,1998,567
ADEL,1998,195
AFYON,1998,142
AGIDA,1998,899
AKALT,1998,2439
AKBNK,1998,7911
AKCNS,1998,996
AKFIN,1998,47
AKGRT,1998,339
AKIPD,1998,1620
AKSA,1998,655
AKTAS,1998,458
ALARK,1998,48
ALCTL,1998,657
ALFA,1998,141
ALNTF,1998,673
ALRSA,1998,768
ALTIN,1998,1469
ANACM,1998,872
ANBRA,1998,53
ANSGR,1998,311
APEKS,1998,181
ARAT,1998,624
ARCLK,1998,3359
ARDEM,1998,970
ARFYO,1998,3
ARSAN,1998,1495
ASELS,1998,2665
ASLAN,1998,351
ASUZU,1998,216
ATAYO,1998,1
ATEKS,1998,1655
ATLAS,1998,5
ATSYO,1998,4
AVRSY,1998,2
AYCES,1998,226
AYGAZ,1998,646
BAGFS,1998,474
BAKAB,1998,278
BANVT,1998,1334
BTCIM,1998,444
BEKO,1998,1790
BERDN,1998,1419
BFREN,1998,214
BISAS,1998,352
BOLUC,1998,297
BOSSA,1998,362
BRISA,1998,1374
BRMEN,1998,1467
BROVA,1998,181
BRSAN,1998,972
BRYAT,1998,11
BUCIM,1998,299
BUMYO,1998,7
BYRBY,1998,418
BYSAN,1998,
CARSI,1998,1473
CBSBO,1998,199
CELHA,1998,299
CEMTS,1998,390
CEYLN,1998,126
CIMSA,1998,465
CLEBI,1998,1102
CMBTN,1998,445
CMENT,1998,882
COMUN,1998,131
CUKEL,1998,540
CYTAS,1998,488
DARDL,1998,1338
DEMIR,1998,2018
DENCM,1998,955
DERIM,1998,193
DEVA,1998,829
DISBA,1998,1368
DITAS,1998,450
DMRYO,1998,3
DMSAS,1998,497
DOGUB,1998,156
DOHOL,1998,80
DOKTS,1998,1318
DUROF,1998,163
DYHOL,1998,19
ECBYO,1998,2
ECILC,1998,807
ECYAP,1998,1792
ECZYT,1998,4
EDIP,1998,1109
EFES,1998,70
EGBRA,1998,488
EGDIS,1998,158
EGEEN,1998,500
EGGUB,1998,167
EGIYM,1998,44
EGPRO,1998,193
EGSER,1998,966
EMEK,1998,122
EMKEL,1998,278
EMNIS,1998,116
EMPAS,1998,206
EMSAN,1998,212
ENKAI,1998,21
EPLAS,1998,475
ERBOS,1998,353
ERCYS,1998,493
EREGL,1998,6240
ESBNK,1998,2241
ESEMS,1998,512
EVREN,1998,5
FACFA,1998,32
FENIS,1998,396
FFKRL,1998,67
FINBN,1998,1534
FNSYO,1998,5
FRIGO,1998,617
GARAN,1998,5114
GDKYO,1998,2
GEDIZ,1998,481
GENTS,1998,386
GIMA,1998,1767
GLMDE,1998,232
GLOBL,1998,3
GOLTS,1998,566
GOODY,1998,1540
GORBN,1998,229
GRNYO,1998,2
GUBRF,1998,615
GUMUS,1998,1385
GUNEY,1998,249
GUSGR,1998,362
HEKTS,1998,235
HLKSG,1998,380
HURGZ,1998,96
HZNDR,1998,98
IDAS,1998,533
IHEVA,1998,648
IHFIN,1998,732
IHLAS,1998,2464
IKTFN,1998,45
INMDY,1998,51
INTEM,1998,364
ISAMB,1998,428
ISBTR,1998,14827
ISTMP,1998,445
ISYAT,1998,3
IZMDC,1998,538
IZOCM,1998,289
KAPLM,1998,164
KARTN,1998,328
KAVOR,1998,4
KCHOL,1998,164
KENT,1998,974
KEPEZ,1998,154
KERVT,1998,937
KIPA,1998,704
KLBMO,1998,461
KLMSN,1998,310
KNFRT,1998,133
KONYA,1998,177
KORDS,1998,639
KOTKS,1998,837
KOYTS,1998,403
KRDMR,1998,608
KRSTL,1998,197
KRTEK,1998,787
KUTPO,1998,1894
LUKSK,1998,172
MAALT,1998,233
MAKTK,1998,61
MARET,1998,247
MDRNU,1998,1250
MEDYA,1998,166
MEGES,1998,135
MEMSA,1998,1513
MERKO,1998,299
METAS,1998,156
MIGRS,1998,5353
MILYT,1998,40
MIPAZ,1998,90
MMART,1998,780
MRDIN,1998,188
MRSHL,1998,608
MTEKS,1998,178
MUTLU,1998,588
MYZYO,1998,3
MZHLD,1998,24
NERGS,1998,115
NETAS,1998,1239
NIGDE,1998,149
NTHOL,1998,48
NTTUR,1998,965
OKANT,1998,228
OLMKS,1998,469
OTKAR,1998,494
OTOSN,1998,3453
OZFIN,1998,9
PARSN,1998,493
PASTA,1998,208
PEGPR,1998,332
PENGD,1998,525
PETKM,1998,5538
PIMAS,1998,352
PINSU,1998,229
PKENT,1998,90
PNET,1998,584
PNSUT,1998,887
PNUN,1998,49
POLYL,1998,1031
PRKTE,1998,227
PRTAS,1998,124
PTOFS,1998,6182
RAKSE,1998,694
RANTL,1998,32
RAYSG,1998,181
RKSEV,1998,329
SABAH,1998,431
SAHOL,1998,216
SAPAZ,1998,43
SARKY,1998,511
SASA,1998,3304
SELGD,1998,401
SERVE,1998,159
SIFAS,1998,1749
SISE,1998,365
SKBNK,1998,3188
SKTAS,1998,1433
SMENS,1998,953
SNPAM,1998,968
SOKSA,1998,209
SONME,1998,806
SVGSH,1998,646
TACYO,1998,8
TATKS,1998,1221
TBORG,1998,456
TEKST,1998,968
TEZSN,1998,224
THYAO,1998,11037
TIRE,1998,698
TKBNK,1998,913
TNSAS,1998,34
TOASO,1998,5083
TOFAS,1998,367
TOPFN,1998,43
TPBNK,1998,2986
TPFAC,1998,35
TRNSK,1998,56
TSKB,1998,364
TUDDF,1998,1298
TUKAS,1998,127
TUMTK,1998,
TUPRS,1998,4422
TURK,1998,365
UCAK,1998,1470
UKIM,1998,1363
UNTAR,1998,120
UNYEC,1998,213
USAK,1998,244
UZEL,1998,2324
VAKFN,1998,70
VAKKO,1998,841
VANET,1998,174
VARYO,1998,3
VESTL,1998,3513
VKFYT,1998,8
VKING,1998,329
YABNK,1998,1755
YASAS,1998,589
YKBNK,1998,10864
YKFIN,1998,86
YKRYO,1998,3
YUNSA,1998,760
ABANA,1999,19
ADANA,1999,556
ADEL,1999,212
AFYON,1999,134
AGIDA,1999,981
AKCNS,1999,951
AKFIN,1999,46
AKGRT,1999,338
AKIPD,1999,1609
AKSA,1999,628
AKSUE,1999,21
AKTAS,1999,481
AKYO,1999,4
ALCAR,1999,780
ALCTL,1999,701
ALKIM,1999,381
ALNTF,1999,678
ALTIN,1999,1612
ALYAG,1999,334
ANACM,1999,809
ANBRA,1999,45
ANHYT,1999,244
ANSGR,1999,308
APEKS,1999,125
ARAT,1999,872
ARCLK,1999,6394
ARFYO,1999,3
ARSAN,1999,1089
ASELS,1999,2849
ASLAN,1999,201
ASUZU,1999,732
ATAYO,1999,2
ATLAS,1999,5
ATSYO,1999,3
AVRSY,1999,2
AYCES,1999,181
AYGAZ,1999,656
BAGFS,1999,443
BAKAB,1999,341
BANVT,1999,1778
BEKO,1999,1728
BERDN,1999,1106
BFREN,1999,193
BISAS,1999,310
BOLUC,1999,299
BOSSA,1999,2882
BRISA,1999,1218
BRMEN,1999,1438
BROVA,1999,48
BRSAN,1999,1036
BRYAT,1999,13
BSOKE,1999,269
BSPRO,1999,2788
BTCIM,1999,427
BUCIM,1999,291
BUMYO,1999,7
BURCE,1999,295
BYRBY,1999,215
BYSAN,1999,
CARSI,1999,1804
CBSBO,1999,164
CELHA,1999,357
CEMTS,1999,329
CEYLN,1999,109
CIMSA,1999,513
CLEBI,1999,781
CMBTN,1999,350
CMENT,1999,705
COMUN,1999,133
CUKEL,1999,461
CYTAS,1999,457
DARDL,1999,1338
DEMIR,1999,2521
DENCM,1999,894
DERIM,1999,136
DEVA,1999,792
DISBA,1999,1627
DITAS,1999,385
DMRYO,1999,3
DMSAS,1999,517
DOBUR,1999,226
DOHOL,1999,88
DOKTS,1999,1538
DUROF,1999,164
DYHOL,1999,35
ECBYO,1999,2
ECILC,1999,823
ECYAP,1999,1755
ECZYT,1999,4
EDIP,1999,1124
EFES,1999,45
EGBRA,1999,490
EGDIS,1999,121
EGEEN,1999,285
EGGUB,1999,170
EGHOL,1999,66
EGIYM,1999,39
EGPRO,1999,187
EGSER,1999,1058
EMEK,1999,99
EMKEL,1999,240
EMNIS,1999,125
ENKAI,1999,21
EPLAS,1999,501
ERBOS,1999,434
EREGL,1999,6348
ERSU,1999,89
ESEMS,1999,140
EVREN,1999,4
FACFA,1999,31
FENIS,1999,358
FFKRL,1999,65
FINBN,1999,2029
FMIZP,1999,373
FRIGO,1999,601
FROTO,1999,3195
GARAN,1999,5105
GDKYO,1999,2
GEDIZ,1999,374
GENTS,1999,256
GIMA,1999,1863
GLBYO,1999,3
GLMDE,1999,368
GOLDS,1999,172
GOLTS,1999,554
GOODY,1999,1505
GORBN,1999,218
GRNYO,1999,3
GSDHO,1999,18
GUBRF,1999,577
GUMUS,1999,1329
GUNEY,1999,218
GUSGR,1999,350
HEKTS,1999,236
HLKSG,1999,391
HURGZ,1999,95
HZNDR,1999,96
IDAS,1999,547
IHEVA,1999,677
IHFIN,1999,799
IHLAS,1999,2035
IKTFN,1999,43
INTEM,1999,275
ISAMB,1999,363
ISBTR,1999,15867
ISGEN,1999,46
ISYAT,1999,4
IZMDC,1999,569
IZOCM,1999,314
KAPLM,1999,124
KARSN,1999,610
KARTN,1999,327
KAVPA,1999,6
KCHOL,1999,175
KEPEZ,1999,150
KERVT,1999,1070
KIPA,1999,784
KLBMO,1999,462
KLMSN,1999,317
KNFRT,1999,159
KONYA,1999,170
KORDS,1999,892
KOTKS,1999,838
KRDMD,1999,5139
KRSTL,1999,191
KRTEK,1999,750
KUTPO,1999,1815
LIOYS,1999,156
LOGO,1999,218
LUKSK,1999,134
MAALT,1999,175
MAKTK,1999,51
MARET,1999,240
MDRNU,1999,1565
MEDYA,1999,218
MEMSA,1999,1496
MERKO,1999,304
METAS,1999,15
MIGRS,1999,6310
MILYT,1999,44
MIPAZ,1999,86
MMART,1999,720
MRDIN,1999,198
MRSHL,1999,600
MTEKS,1999,158
MUTLU,1999,495
MYZYO,1999,3
MZHLD,1999,25
NERGS,1999,59
NETAS,1999,1227
NIGDE,1999,149
NTHOL,1999,43
NTTUR,1999,748
NUHCM,1999,493
OKANT,1999,223
OLMKS,1999,403
OTKAR,1999,512
OZFIN,1999,9
PARSN,1999,451
PASTA,1999,183
PENGD,1999,495
PETKM,1999,6779
PIMAS,1999,242
PINSU,1999,321
PKENT,1999,100
PNET,1999,593
PNSUT,1999,932
PNUN,1999,47
POLYL,1999,883
PRKAB,1999,475
PRKTE,1999,538
PTOFS,1999,6042
RAKSE,1999,491
RANTL,1999,29
RAYSG,1999,182
RKSEV,1999,281
SABAH,1999,453
SAHOL,1999,229
SAPAZ,1999,44
SARKY,1999,546
SASA,1999,3056
SELGD,1999,414
SERVE,1999,95
SEZGD,1999,959
SIFAS,1999,1579
SISE,1999,354
SKBNK,1999,3141
SKPLC,1999,829
SKTAS,1999,1433
SNPAM,1999,795
SODA,1999,948
SOKSA,1999,154
SONME,1999,552
SVGSH,1999,27
SYBNK,1999,139
TACYO,1999,9
TATKS,1999,1257
TEBNK,1999,1405
TEKST,1999,1012
TEZSN,1999,5
THYAO,1999,11514
TIRE,1999,628
TKBNK,1999,940
TNSAS,1999,5122
TOASO,1999,3966
TOPFN,1999,38
TPBNK,1999,3253
TPFAC,1999,31
TRCAS,1999,185
TRNSK,1999,51
TSKB,1999,360
TUDDF,1999,938
TUKAS,1999,618
TUMTK,1999,
TUPRS,1999,4344
UCAK,1999,1359
UKIM,1999,1373
UNTAR,1999,120
UNYEC,1999,227
USAK,1999,234
UZEL,1999,2156
VAKFN,1999,64
VAKKO,1999,850
VANET,1999,188
VESTL,1999,3476
VKFYT,1999,10
VKING,1999,241
YABNK,1999,1784
YASAS,1999,702
YAZIC,1999,2
YKBNK,1999,10418
YKFIN,1999,73
YKRYO,1999,3
YTFYO,1999,2
YUNSA,1999,767
ZOREN,1999,160
ABANA,2000,23
ACIBD,2000,77
ADANA,2000,510
ADEL,2000,164
AEFES,2000,1218
AFYON,2000,130
AGIDA,2000,1000
AKBNK,2000,8244
AKCNS,2000,939
AKENR,2000,194
AKFIN,2000,45
AKIPD,2000,1480
AKSA,2000,639
AKSUE,2000,21
AKTAS,2000,482
AKYO,2000,3
ALARK,2000,43
ALCAR,2000,772
ALCTL,2000,778
ALFA,2000,179
ALKA,2000,215
ALKIM,2000,173
ALNTF,2000,738
ALTIN,2000,1656
ALYAG,2000,329
ANACM,2000,1875
ANHYT,2000,258
ANSGR,2000,315
ARAT,2000,1000
ARCLK,2000,5830
ARENA,2000,235
ARFYO,2000,4
ARSAN,2000,1017
ASELS,2000,2945
ASLAN,2000,275
ASUZU,2000,749
ATAYO,2000,2
ATLAS,2000,4
ATSYO,2000,5
AVRSY,2000,3
AYCES,2000,160
AYEN,2000,61
AYGAZ,2000,626
BAGFS,2000,400
BAKAB,2000,241
BANVT,2000,1954
BEKO,2000,1727
BERDN,2000,946
BFREN,2000,185
BISAS,2000,303
BOLUC,2000,295
BOSSA,2000,2636
BRISA,2000,1183
BRMEN,2000,1566
BROVA,2000,78
BRSAN,2000,936
BRYAT,2000,
BSOKE,2000,261
BSPRO,2000,2582
BTCIM,2000,420
BUCIM,2000,289
BUMYO,2000,4
BURCE,2000,312
BYRBY,2000,371
BYSAN,2000,
CARSI,2000,2032
CBSBO,2000,154
CELHA,2000,350
CEMTS,2000,344
CEYLN,2000,130
CIMSA,2000,516
CLEBI,2000,788
CMENT,2000,638
COMUN,2000,161
CUKEL,2000,429
CYTAS,2000,469
DARDL,2000,1525
DEMIR,2000,4225
DENCM,2000,833
DENTA,2000,339
DERIM,2000,73
DEVA,2000,951
DISBA,2000,1887
DITAS,2000,452
DMRYO,2000,2
DMSAS,2000,553
DOBUR,2000,413
DOHOL,2000,92
DOKTS,2000,1518
DUROF,2000,140
ECBYO,2000,1
ECILC,2000,867
ECYAP,2000,1743
ECZYT,2000,4
EDIP,2000,1158
EFES,2000,35
EGEEN,2000,296
EGFIN,2000,41
EGGUB,2000,166
EGHOL,2000,51
EGPRO,2000,187
EGSDIS,2000,121
EGSER,2000,1049
EGYIM,2000,39
EMEK,2000,109
EMKEL,2000,149
EMNIS,2000,127
ENKAI,2000,21
EPLAS,2000,488
ERBOS,2000,433
EREGL,2000,6393
ERSU,2000,86
ESCOM,2000,68
ESEMS,2000,131
EVREN,2000,4
FACFA,2000,28
FENIS,2000,354
FFKRL,2000,70
FINBN,2000,2322
FMIZP,2000,328
FRIGO,2000,536
FROTO,2000,4129
FVORI,2000,284
GARAN,2000,4728
GDKYO,2000,2
GEDIZ,2000,392
GENTS,2000,331
GIMA,2000,2271
GLBYO,2000,3
GLMDE,2000,506
GOLDS,2000,220
GOLTS,2000,529
GOODY,2000,1585
GORBN,2000,179
GRNYO,2000,3
GSDHO,2000,17
GUBRF,2000,520
GUMUS,2000,1273
GUSGR,2000,350
HEKTS,2000,207
HURGZ,2000,96
HZNDR,2000,96
IDAS,2000,536
IHEVA,2000,503
IHFIN,2000,286
IHLAS,2000,1357
IKTFN,2000,49
IPMAT,2000,309
ISAMB,2000,357
ISBTR,2000,16133
ISGEN,2000,50
ISYAT,2000,3
IZMDC,2000,579
IZOCM,2000,314
KAPLM,2000,121
KARSN,2000,999
KARTN,2000,324
KAVPA,2000,5
KENT,2000,1049
KEPEZ,2000,148
KERVT,2000,864
KIPA,2000,968
KLBMO,2000,448
KLMSN,2000,212
KNFRT,2000,123
KONYA,2000,166
KORDS,2000,903
KOTKS,2000,950
KRDMD,2000,4579
KRSTL,2000,182
KRTEK,2000,737
KUTPO,2000,1588
LINK,2000,107
LIOYS,2000,138
LOGO,2000,224
LUKSK,2000,125
MAALT,2000,161
MAKTK,2000,48
MARET,2000,251
MDRNU,2000,2044
MEDYA,2000,190
MEGES,2000,131
MEMSA,2000,1368
MERKO,2000,306
METAS,2000,3
MIGRS,2000,6107
MILYT,2000,44
MIPAZ,2000,118
MMART,2000,750
MNDRS,2000,1300
MRDIN,2000,198
MRSHL,2000,584
MTEKS,2000,164
MUTLU,2000,459
MYZYO,2000,3
MZHLD,2000,25
NERGS,2000,59
NIGDE,2000,147
NTHOL,2000,45
NTTUR,2000,749
NUHCM,2000,438
OKANT,2000,224
OLMKS,2000,408
OTKAR,2000,512
OZFIN,2000,8
PARSN,2000,432
PASTA,2000,180
PENGD,2000,299
PETKM,2000,6592
PETUN,2000,612
PIMAS,2000,259
PINSU,2000,306
PKENT,2000,84
PNSUT,2000,900
POLYL,2000,881
PRKAB,2000,515
PRKTE,2000,391
PRTAS,2000,98
PTOFS,2000,3356
RAKSE,2000,332
RANTL,2000,36
RAYSG,2000,183
RKSEV,2000,202
SABAH,2000,318
SANKO,2000,132
SAPAZ,2000,19
SARKY,2000,532
SASA,2000,2982
SELGD,2000,354
SERVE,2000,91
SEZGD,2000,1072
SIFAS,2000,1484
SISE,2000,345
SKBNK,2000,2878
SKPLC,2000,872
SKTAS,2000,1395
SNPAM,2000,757
SODA,2000,1064
SONME,2000,516
SYBNK,2000,129
TACYO,2000,7
TATKS,2000,2178
TCELL,2000,2523
TEBNK,2000,1358
TEKST,2000,
TEKTU,2000,200
TEZSN,2000,30
THYAO,2000,12297
TIRE,2000,604
TNSAS,2000,5800
TOASO,2000,817
TOFAS,2000,204
TOPFN,2000,34
TPBNK,2000,2516
TPFAC,2000,23
TRCAS,2000,192
TRKCM,2000,1526
TRNSK,2000,50
TSKB,2000,361
TUDDF,2000,933
TUKAS,2000,614
TUMTK,2000,
TUPRS,2000,4286
UCAK,2000,1356
UKIM,2000,1279
UNTAR,2000,124
UNYEC,2000,225
USAK,2000,223
UZEL,2000,1916
VAKFN,2000,40
VAKKO,2000,847
VANET,2000,191
VESTL,2000,3309
VKFRS,2000,7
VKFYT,2000,6
VKING,2000,187
YASAS,2000,575
YATAS,2000,694
YAZIC,2000,2
YKBNK,2000,10170
YKFIN,2000,70
YKRYO,2000,3
YKSGR,2000,409
YTFYO,2000,2
YUNSA,2000,705
ZOREN,2000,178
INTEM,2000,249
ABANA,2001,10
ACIBD,2001,118
ADANA,2001,480
ADEL,2001,161
AEFES,2001,1181
AFYON,2001,126
AGIDA,2001,1012
AKBNK,2001,8403
AKENR,2001,223
AKFIN,2001,35
AKGRT,2001,374
AKIPD,2001,1370
AKSA,2001,643
AKSUE,2001,21
AKTAS,2001,481
AKYO,2001,3
ALARK,2001,37
ALCAR,2001,749
ALCTL,2001,561
ALFA,2001,108
ALKA,2001,225
ALNTF,2001,635
ALTIN,2001,1423
ALYAG,2001,285
ANACM,2001,1781
ANHYT,2001,250
ANSGR,2001,301
ARAT,2001,1164
ARCLK,2001,5589
ARENA,2001,172
ARFYO,2001,2
ARSAN,2001,1442
ASLAN,2001,278
ASUZU,2001,661
ATAYO,2001,3
ATEKS,2001,1610
ATLAS,2001,4
ATSYO,2001,3
AYCES,2001,152
AYEN,2001,66
AYGAZ,2001,1014
BAGFS,2001,347
BAKAB,2001,233
BANVT,2001,1895
BEKO,2001,371
BERDN,2001,922
BFREN,2001,179
BISAS,2001,257
BJKAS,2001,4
BOLUC,2001,295
BOSSA,2001,1864
BRISA,2001,982
BRMEN,2001,1552
BROVA,2001,41
BRSAN,2001,900
BRYAT,2001,12
BSOKE,2001,262
BSPRO,2001,2238
BTCIM,2001,411
BUCIM,2001,293
BUMYO,2001,4
BURCE,2001,246
BYRBY,2001,336
BYSAN,2001,
CARSI,2001,1799
CBSBO,2001,126
CELHA,2001,247
CEMTS,2001,287
CEYLN,2001,149
CIMSA,2001,489
CLEBI,2001,1017
CMENT,2001,605
CMLOJ,2001,37
COMUN,2001,161
CUKEL,2001,335
CYTAS,2001,313
DARDL,2001,761
DENCM,2001,817
DENTA,2001,310
DERIM,2001,67
DEVA,2001,826
DITAS,2001,580
DMRYO,2001,3
DMSAS,2001,567
DOBUR,2001,416
DOHOL,2001,91
DOKTS,2001,1538
DUROF,2001,127
DYHOL,2001,36
ECILC,2001,866
ECYAP,2001,1681
ECZYT,2001,4
EDIP,2001,1107
EFES,2001,28
EGDIS,2001,18
EGEEN,2001,186
EGFIN,2001,24
EGGUB,2001,164
EGIYM,2001,27
EGPRO,2001,194
EGSER,2001,1095
EHGOL,2001,14
EMKEL,2001,153
EMNIS,2001,111
ENKAI,2001,18
EPLAS,2001,404
ERBOS,2001,357
EREGL,2001,6433
ERSU,2001,101
ESCOM,2001,51
ESEMS,2001,302
FACFA,2001,16
FENIS,2001,341
FFKRL,2001,65
FINBN,2001,2070
FMIZP,2001,310
FNSYO,2001,3
FRIGO,2001,647
FROTO,2001,3449
FVORI,2001,192
GARAN,2001,5898
GDKYO,2001,3
GEDIZ,2001,360
GENTS,2001,312
GIMA,2001,2455
GLBYO,2001,3
GLMDE,2001,478
GOLDS,2001,217
GOLTS,2001,464
GOODY,2001,1479
GORBN,2001,153
GRGYO,2001,10
GRNYO,2001,3
GSDHO,2001,21
GSRAY,2001,5
GUBRF,2001,479
GUSGR,2001,348
GUMUS,2001,20
HEKTS,2001,201
HURGZ,2001,203
HZNDR,2001,50
IDAS,2001,484
IHEVA,2001,279
IHLAS,2001,1033
IKTFN,2001,17
INTEM,2001,207
IPMAT,2001,310
ISAMB,2001,352
ISBTR,2001,15541
ISGEN,2001,37
ISYAT,2001,3
IZMDC,2001,554
IZOCM,2001,324
KAPLM,2001,101
KARSN,2001,753
KARTN,2001,298
KAVPA,2001,5
KCHOL,2001,169
KENT,2001,1040
KEPEZ,2001,104
KERVT,2001,575
KIPA,2001,1168
KLBMO,2001,414
KLMSN,2001,227
KNFRT,2001,135
KONYA,2001,137
KORDS,2001,883
KOTKS,2001,744
KRDMD,2001,4111
KRSTL,2001,115
KRTEK,2001,738
KUTPO,2001,1191
LINK,2001,97
LIOYS,2001,138
LOGO,2001,206
LUKSK,2001,89
MAALT,2001,159
MAKTK,2001,237
MARET,2001,231
MDRNU,2001,112
MEGES,2001,109
MEMSA,2001,1317
MERKO,2001,221
METAS,2001,3
MIGRS,2001,5997
MILYT,2001,36
MIPAZ,2001,81
MMART,2001,740
MNDRS,2001,2582
MRDIN,2001,224
MRSHL,2001,525
MTEKS,2001,153
MUTLU,2001,416
MYZYO,2001,2
MZHLD,2001,18
NERGS,2001,61
NETAS,2001,619
NIGDE,2001,141
NTHOL,2001,19
NTTUR,2001,653
NUHCM,2001,432
OKANT,2001,183
OLMKS,2001,606
OTKAR,2001,447
OZFIN,2001,7
PARSN,2001,428
PASTA,2001,167
PENGD,2001,299
PETKM,2001,5006
PETUN,2001,530
PIMAS,2001,191
PKENT,2001,96
PNSUT,2001,738
POLYL,2001,856
PRKAB,2001,513
PRKTE,2001,350
PRTAS,2001,54
PTOFS,2001,1275
PINSU,2001,225
RAKSE,2001,241
RANTL,2001,12
RAYSG,2001,184
RKSEV,2001,113
SAHOL,2001,243
SANKO,2001,135
SARKY,2001,530
SASA,2001,2754
SELGD,2001,229
SERVE,2001,84
SEZGD,2001,228
SIFAS,2001,1415
SISE,2001,335
SKBNK,2001,2675
SKPLC,2001,800
SKTAS,2001,1348
SNPAM,2001,695
SODA,2001,1015
SOKSA,2001,5
SONME,2001,559
SYBNK,2001,108
SYBYO,2001,2
TACYO,2001,6
TATKS,2001,1942
TBORG,2001,264
TCELL,2001,2241
TEBNK,2001,1262
TEKST,2001,649
TEKTU,2001,224
THYAO,2001,11917
TIRE,2001,598
TKBNK,2001,879
TNSAS,2001,4358
TOASO,2001,888
TOPFN,2001,23
TPFAC,2001,19
TRCAS,2001,192
TRNSK,2001,21
TSKB,2001,316
TUDDF,2001,655
TUKAS,2001,1072
TUMTK,2001,
TUPRS,2001,4985
UCAK,2001,1149
UKIM,2001,1064
UNTAR,2001,26
UNYEC,2001,211
USAK,2001,215
UZEL,2001,1375
VAKFN,2001,33
VAKKO,2001,748
VANET,2001,103
VESTL,2001,2591
VKFRS,2001,5
VKFYT,2001,5
VKING,2001,168
YATAS,2001,523
YAZIC,2001,2
YKBNK,2001,10060
YKFIN,2001,74
YKRYO,2001,3
YKSGR,2001,560
YTFYO,2001,2
YUNSA,2001,600
ZOREN,2001,159
ABANA,2002,8
ACIBD,2002,1058
ADANA,2002,385
ADEL,2002,225
AEFES,2002,1150
AFYON,2002,119
AGIDA,2002,939
AKALT,2002,1691
AKBNK,2002,9011
AKCNS,2002,867
AKENR,2002,2002
AKGRT,2002,388
AKIPD,2002,1271
AKSA,2002,686
AKSUE,2002,21
AKYO,2002,3
ALARK,2002,35
ALCAR,2002,707
ALCTL,2002,506
ALFA,2002,117
ALKA,2002,226
ALKIM,2002,142
ALNTF,2002,486
ALTIN,2002,1734
ALYAG,2002,222
ANACM,2002,1810
ANHYT,2002,265
ANSGR,2002,375
ARAT,2002,907
ARCLK,2002,6275
ARENA,2002,166
ARFYO,2002,4
ARSAN,2002,1341
ASLAN,2002,253
ASUZU,2002,500
ATAYO,2002,2
ATEKS,2002,1688
ATSYO,2002,3
AYCES,2002,186
AYEN,2002,66
AYGAZ,2002,993
BAGFS,2002,350
BAKAB,2002,274
BANVT,2002,1825
BEKO,2002,3343
BERDN,2002,922
BFREN,2002,177
BJKAS,2002,43
BOLUC,2002,277
BOSSA,2002,2158
BRISA,2002,1163
BRMEN,2002,1697
BROVA,2002,63
BRSAN,2002,887
BRYAT,2002,12
BSOKE,2002,262
BSPRO,2002,2161
BTCIM,2002,356
BUCIM,2002,280
BUMYO,2002,5
BURCE,2002,267
BYSAN,2002,
CARSI,2002,1711
CBSBO,2002,129
CELHA,2002,231
CEMTS,2002,257
CEYLN,2002,172
CIMSA,2002,461
CLEBI,2002,851
CMBTN,2002,183
CMENT,2002,370
CMLOJ,2002,61
COMUN,2002,145
CUKEL,2002,102
CYTAS,2002,354
DARDL,2002,645
DENCM,2002,828
DENTA,2002,356
DERIM,2002,53
DEVA,2002,959
DISBA,2002,2730
DITAS,2002,288
DMSAS,2002,573
DNZYO,2002,3
DOBUR,2002,335
DOGUB,2002,62
DOHOL,2002,105
DOKTS,2002,1390
DUROF,2002,132
DYHOL,2002,48
DYOBY,2002,952
ECBYO,2002,1
ECILC,2002,878
ECYAP,2002,1712
ECZYT,2002,4
EDIP,2002,1134
EFES,2002,22
EGEEN,2002,186
EGFIN,2002,22
EGGUB,2002,166
EGHOL,2002,6
EGIYM,2002,20
EGPRO,2002,190
EGSER,2002,967
EMKEL,2002,148
EMNIS,2002,112
ENKAI,2002,519
EPLAS,2002,371
ERBOS,2002,354
EREGL,2002,6616
ERSU,2002,105
ESEMS,2002,289
FACFA,2002,5
FENIS,2002,352
FFKRL,2002,55
FINBN,2002,2811
FMIZP,2002,297
FNSYO,2002,2
FRIGO,2002,739
FROTO,2002,4411
FVORI,2002,250
GARAN,2002,7398
GARFA,2002,28
GDKYO,2002,3
GEDIZ,2002,352
GENTS,2002,282
GIMA,2002,2752
GLMDE,2002,397
GOLDS,2002,243
GOLTS,2002,425
GOODY,2002,1495
GRNYO,2002,3
GSDHO,2002,26
GSRAY,2002,5
GUBRF,2002,422
GUSGR,2002,334
HEKTS,2002,205
HURGZ,2002,215
HZNDR,2002,50
I,2002,2973
IDAS,2002,482
IHEVA,2002,273
IHLAS,2002,753
IKTFN,2002,9
INTEM,2002,210
IPMAT,2002,355
ISAMB,2002,181
ISCTR,2002,14873
ISGEN,2002,39
ISYAT,2002,4
IZMDC,2002,519
IZOCM,2002,330
KAPLM,2002,102
KARSN,2002,564
KARTN,2002,318
KAVPA,2002,5
KCHOL,2002,168
KENT,2002,1054
KEPEZ,2002,30
KERVT,2002,551
KIPA,2002,1432
KLBMO,2002,318
KLMSN,2002,380
KNFRT,2002,121
KONYA,2002,136
KORDS,2002,831
KOTKS,2002,665
KOZAD,2002,39
KRDMD,2002,3776
KRSTL,2002,120
KRTEK,2002,886
LINK,2002,102
LIOYS,2002,125
LOGO,2002,204
LUKSK,2002,133
MAALT,2002,146
MAKTK,2002,251
MARET,2002,228
MEDYA,2002,5
MEGES,2002,99
MEMSA,2002,1532
MERKO,2002,225
METAS,2002,3
METUR,2002,29
MIGRS,2002,5926
MILYT,2002,38
MIPAZ,2002,75
MMART,2002,800
MNDRS,2002,2717
MRDIN,2002,250
MRSHL,2002,461
MTEKS,2002,233
MUTLU,2002,492
MYZYO,2002,2
MZHLD,2002,17
NERGS,2002,64
NETAS,2002,537
NIGDE,2002,138
NTHOL,2002,34
NTTUR,2002,170
NUHCM,2002,400
OKANT,2002,201
OLMKS,2002,626
OTKAR,2002,609
OZFIN,2002,6
PARSN,2002,484
PASTA,2002,167
PENGD,2002,328
PETKM,2002,4537
PETUN,2002,605
PIMAS,2002,164
PINSU,2002,156
PKENT,2002,92
PNSUT,2002,634
POLYL,2002,1622
PRKAB,2002,452
PRKTE,2002,325
PRTAS,2002,54
PTOFS,2002,1029
RAKSE,2002,211
RAYSG,2002,189
RKSEV,2002,111
SABAH,2002,2
SAHOL,2002,204
SANKO,2002,145
SAPAZ,2002,6
SARKY,2002,529
SASA,2002,2524
SELGD,2002,261
SERVE,2002,90
SIFAS,2002,1390
SISE,2002,352
SKBNK,2002,2948
SKPLC,2002,825
SKTAS,2002,1398
SNPAM,2002,778
SODA,2002,1017
SONME,2002,594
SYBYO,2002,2
TACYO,2002,3
TATKS,2002,2124
TBORG,2002,301
TCELL,2002,2169
TEBNK,2002,1673
TEKFK,2002,14
TEKST,2002,840
TEKTU,2002,174
THYAO,2002,11084
TIRE,2002,765
TKBNK,2002,836
TOPFN,2002,18
TPFAC,2002,17
TRCAS,2002,188
TRNSK,2002,22
TSKB,2002,302
TUDDF,2002,459
TUKAS,2002,1056
TUMTK,2002,208
TUPRS,2002,4590
UCAK,2002,1009
UKIM,2002,1035
UNTAR,2002,19
UNYEC,2002,211
USAK,2002,207
UZEL,2002,1260
VAKFN,2002,33
VAKKO,2002,656
VANET,2002,87
VESTL,2002,2957
VKFRS,2002,5
VKFYT,2002,5
VKING,2002,410
YATAS,2002,545
YAZIC,2002,3
YKBNK,2002,10404
YKFIN,2002,68
YKRYO,2002,3
YKSGR,2002,546
YTFYO,2002,3
YUNSA,2002,553
ZOREN,2002,144
ABANA,2003,4
ACIBD,2003,1184
ADANA,2003,364
ADEL,2003,242
AEFES,2003,1008
AFYON,2003,106
AKALT,2003,1363
AKBNK,2003,9964
AKCNS,2003,863
AKENR,2003,184
AKGRT,2003,407
AKIPD,2003,1045
AKSA,2003,633
AKSUE,2003,21
AKYO,2003,3
ALARK,2003,35
ALCAR,2003,756
ALCTL,2003,340
ALFA,2003,78
ALKA,2003,226
ALKIM,2003,135
ALNTF,2003,519
ALTIN,2003,1586
ALYAG,2003,167
ANACM,2003,1776
ANHYT,2003,294
ANSGR,2003,399
ARAT,2003,841
ARCLK,2003,6902
ARENA,2003,177
ARFYO,2003,4
ARSAN,2003,1117
ASELS,2003,2910
ASLAN,2003,254
ASLAN,2003,254
ASUZU,2003,524
ATAYO,2003,2
ATEKS,2003,1706
ATSYO,2003,3
AYCES,2003,183
AYEN,2003,68
AYGAZ,2003,957
BAGFS,2003,343
BAKAB,2003,323
BANVT,2003,1953
BEKO,2003,3217
BERDN,2003,921
BFREN,2003,184
BISAS,2003,320
BJKAS,2003,53
BOLUC,2003,256
BOSSA,2003,1850
BRISA,2003,1158
BRMEN,2003,1705
BROVA,2003,117
BRSAN,2003,909
BRYAT,2003,12
BSOKE,2003,274
BSPRO,2003,2406
BTCIM,2003,352
BUCIM,2003,267
BUMYO,2003,5
BURCE,2003,267
BURVA,2003,145
BYSAN,2003,451
CARSI,2003,1782
CBSBO,2003,93
CELHA,2003,225
CEMTS,2003,256
CEYLN,2003,128
CIMSA,2003,454
CLEBI,2003,812
CMBTN,2003,92
CMENT,2003,313
CMLOJ,2003,62
COMUN,2003,162
CYTAS,2003,382
DARDL,2003,890
DENCM,2003,820
DENTA,2003,368
DERIM,2003,58
DESA,2003,816
DEVA,2003,1045
DISBA,2003,3403
DITAS,2003,472
DMSAS,2003,578
DNZYO,2003,3
DOAS,2003,91
DOBUR,2003,333
DOHOL,2003,110
DOKTS,2003,1851
DUROF,2003,161
DYHOL,2003,57
DYOBY,2003,937
ECBYO,2003,1
ECILC,2003,891
ECYAP,2003,1750
ECZYT,2003,4
EDIP,2003,1098
EFES,2003,21
EGEEN,2003,440
EGFIN,2003,4
EGGUB,2003,174
EGIYM,2003,12
EGPRO,2003,217
EGSER,2003,1047
EMKEL,2003,71
EMNIS,2003,105
ENKAI,2003,14984
EPLAS,2003,371
ERBOS,2003,346
EREGL,2003,6616
ERSU,2003,130
ESCOM,2003,103
ESEMS,2003,186
FENIS,2003,354
FFKRL,2003,58
FINBN,2003,3923
FMIZP,2003,24
FNSYO,2003,2
FRIGO,2003,412
FROTO,2003,5948
FVORI,2003,300
GARAN,2003,8145
GARFA,2003,20
GDKYO,2003,3
GEDIZ,2003,365
GENTS,2003,285
GEREL,2003,93
GIMA,2003,3466
GLMDE,2003,282
GOLDS,2003,257
GOLTS,2003,378
GOODY,2003,1496
GRNYO,2003,3
GSDHO,2003,26
GSRAY,2003,7
GUBRF,2003,434
GUSGR,2003,327
HEKTS,2003,203
HZNDR,2003,134
IDAS,2003,463
IHEVA,2003,328
IHLAS,2003,779
INDES,2003,283
INFYO,2003,4
INTEM,2003,222
IPMAT,2003,364
ISAMB,2003,116
ISBTR,2003,15550
ISFIN,2003,49
ISYAT,2003,4
IZOCM,2003,342
KAPLM,2003,110
KARSN,2003,835
KARTN,2003,288
KAVPA,2003,4
KCHOL,2003,152
KENT,2003,1683
KERVT,2003,513
KIPA,2003,1475
KLBMO,2003,226
KLMSN,2003,463
KNFRT,2003,120
KONYA,2003,133
KORDS,2003,811
KOTKS,2003,715
KOZAD,2003,44
KRDMD,2003,3665
KRSTL,2003,102
KRTEK,2003,832
KUTPO,2003,760
LINK,2003,99
LIOYS,2003,139
LOGO,2003,200
LUKSK,2003,140
MAALT,2003,132
MAKTK,2003,230
MEGES,2003,94
MEMSA,2003,828
MERKO,2003,249
METUR,2003,2
MIGRS,2003,6460
MILYT,2003,154
MIPAZ,2003,52
MMART,2003,740
MNDRS,2003,3508
MRDIN,2003,251
MRSHL,2003,445
MTEKS,2003,190
MUTLU,2003,479
MYZYO,2003,1
NERGS,2003,62
NETAS,2003,537
NTHOL,2003,36
NTTUR,2003,58
NUHCM,2003,433
OKANT,2003,159
OLMKS,2003,598
OTKAR,2003,798
OYSAC,2003,199
OZFIN,2003,6
PARSN,2003,546
PENGD,2003,308
PETKM,2003,4212
PETUN,2003,552
PIMAS,2003,132
PINSU,2003,156
PKENT,2003,96
PNSUT,2003,685
POLYL,2003,756
PRKAB,2003,295
PRKTE,2003,308
PRTAS,2003,55
PTOFS,2003,953
RAKSE,2003,253
RAYSG,2003,192
RKSEV,2003,147
SABAH,2003,4
SAHOL,2003,185
SANKO,2003,138
SAPAZ,2003,2
SARKY,2003,543
SASA,2003,2398
SELGD,2003,283
SERVE,2003,86
SIFAS,2003,1298
SISE,2003,363
SKBNK,2003,3002
SKPLC,2003,827
SKTAS,2003,1361
SNPAM,2003,789
SODA,2003,981
SONME,2003,482
TACYO,2003,4
TATKS,2003,1398
TBORG,2003,289
TCELL,2003,2148
TEBNK,2003,1849
TEKFK,2003,15
TEKST,2003,908
TEKTU,2003,165
THYAO,2003,10683
TIRE,2003,821
TKBNK,2003,783
TNSAS,2003,4212
TOASO,2003,844
TOPFN,2003,13
TPFAC,2003,15
TRCAS,2003,188
TRNSK,2003,21
TSKB,2003,277
TSKYO,2003,2
TUDDF,2003,597
TUKAS,2003,1055
TUMTK,2003,1047
TUPRS,2003,4586
UCAK,2003,1134
UKIM,2003,1042
ULKER,2003,1888
UNTAR,2003,5
UNYEC,2003,188
USAK,2003,218
UZEL,2003,1348
VAKFN,2003,35
VAKKO,2003,673
VANET,2003,70
VESTL,2003,3397
VKFRS,2003,5
VKFYT,2003,5
VKING,2003,268
YATAS,2003,398
YAZIC,2003,3
YKBNK,2003,10542
YKFIN,2003,71
YKRYO,2003,4
YKSGR,2003,539
YTFYO,2003,3
YUNSA,2003,803
ZOREN,2003,209
ABANA,2004,5
ACIBD,2004,1810
ADANA,2004,355
ADEL,2004,248
AEFES,2004,999
AFMAS,2004,372
AFYON,2004,104
AKALT,2004,1220
AKBNK,2004,10413
AKCNS,2004,898
AKENR,2004,292
AKGRT,2004,445
AKIPD,2004,1046
AKMGY,2004,3
AKSA,2004,634
AKSUE,2004,20
AKYO,2004,3
ALARK,2004,35
ALCAR,2004,756
ALCTL,2004,287
ALKA,2004,227
ALKIM,2004,135
ALNTF,2004,547
ALTIN,2004,1404
ALYAG,2004,169
ANACM,2004,1739
ANHYT,2004,245
ANSGR,2004,522
ARAT,2004,484
ARCLK,2004,8376
ARENA,2004,204
ARFYO,2004,3
ARSAN,2004,856
ASELS,2004,3014
ASLAN,2004,245
ASUZU,2004,734
ATAYO,2004,2
ATLAS,2004,2
ATSYO,2004,3
AVIVA,2004,170
AVRSY,2004,3
AYCES,2004,190
AYEN,2004,75
AYGAZ,2004,1001
BAGFS,2004,326
BAKAB,2004,334
BANVT,2004,2167
BEKO,2004,3726
BERDN,2004,900
BFREN,2004,197
BISAS,2004,318
BJKAS,2004,65
BOLUC,2004,212
BOSSA,2004,1941
BOYNR,2004,2034
BRISA,2004,1364
BRMEN,2004,1686
BROVA,2004,47
BRSAN,2004,1175
BRYAT,2004,15
BSOKE,2004,280
BSPRO,2004,2685
BTCIM,2004,364
BUCIM,2004,266
BUMYO,2004,5
BURCE,2004,267
BURVA,2004,155
BYSAN,2004,418
CBSBO,2004,83
CELHA,2004,312
CEMTS,2004,264
CEYLN,2004,118
CIMSA,2004,433
CMBTN,2004,108
CMENT,2004,318
CMLOJ,2004,70
CYTAS,2004,298
DARDL,2004,1078
DENCM,2004,761
DENIZ,2004,4912
DENTA,2004,451
DERIM,2004,49
DESA,2004,831
DEVA,2004,1224
DGZTE,2004,143
DISBA,2004,3842
DITAS,2004,534
DMSAS,2004,609
DNZYO,2004,3
DOAS,2004,452
DOBUR,2004,331
DOHOL,2004,107
DOKTS,2004,1856
DUROF,2004,168
DYHOL,2004,55
DYOBY,2004,793
ECBYO,2004,1
ECILC,2004,860
ECYAP,2004,2120
ECZYT,2004,4
EDIP,2004,1063
EFES,2004,20
EGEEN,2004,482
EGFIN,2004,5
EGGUB,2004,166
EGPRO,2004,406
EGSER,2004,1099
EGYIM,2004,10
EMKEL,2004,94
EMNIS,2004,105
ENKAI,2004,22530
EPLAS,2004,374
ERBOS,2004,362
EREGL,2004,7539
ERSU,2004,109
ESCOM,2004,116
ESEMS,2004,138
EVREN,2004,3
FACFA,2004,25
FENER,2004,7
FENIS,2004,424
FFKRL,2004,60
FINBN,2004,5469
FMIZP,2004,1
FNSYO,2004,3
FRIGO,2004,444
FROTO,2004,7722
FVORI,2004,300
GARAN,2004,9128
GARFA,2004,29
GDKYO,2004,3
GEDIZ,2004,311
GENTS,2004,274
GEREL,2004,136
GIMA,2004,3342
GLBYO,2004,29
GOLDS,2004,290
GOLTS,2004,429
GOODY,2004,1536
GSDHO,2004,25
GSRAY,2004,7
GUBRF,2004,439
GUSGR,2004,306
HEKTS,2004,250
HURGZ,2004,324
HZNDR,2004,110
IBTYO,2004,2
IDAS,2004,483
IHEVA,2004,276
IHLAS,2004,751
INDES,2004,299
INFYO,2004,4
INTEM,2004,237
IPMAT,2004,
ISAMB,2004,148
ISBTR,2004,16055
ISFIN,2004,62
ISGSY,2004,9
ISYAT,2004,4
IZOCM,2004,348
KAPLM,2004,158
KARSN,2004,957
KARTN,2004,283
KAVPA,2004,4
KCHOL,2004,162
KENT,2004,1658
KERVT,2004,429
KIPA,2004,1831
KLBMO,2004,247
KLMSN,2004,658
KNFRT,2004,134
KONYA,2004,137
KORDS,2004,806
KOTKS,2004,721
KOZAD,2004,47
KRDMD,2004,3561
KRSTL,2004,85
KRTEK,2004,790
KUTPO,2004,791
LINK,2004,86
LIOYS,2004,139
LOGO,2004,220
LUKSK,2004,142
MAALT,2004,291
MAKTK,2004,238
MEDYA,2004,9
MEGES,2004,90
MEMSA,2004,835
MERKO,2004,223
METUR,2004,3
MIGRS,2004,6749
MIPAZ,2004,43
MMART,2004,837
MNDRS,2004,3756
MRDIN,2004,299
MRSHL,2004,459
MTEKS,2004,198
MUTLU,2004,547
MYZYO,2004,1
MZHLD,2004,17
NERGS,2004,4
NETAS,2004,521
NTHOL,2004,45
NTTUR,2004,103
NUHCM,2004,450
OKANT,2004,10
OLMKS,2004,653
OTKAR,2004,869
OYSAC,2004,196
OZFIN,2004,4
PARSN,2004,612
PERYO,2004,2
PETKM,2004,3967
PETUN,2004,523
PIMAS,2004,134
PINSU,2004,150
PKART,2004,60
PKENT,2004,98
PNSUT,2004,710
POLYL,2004,1504
PRKAB,2004,224
PRKTE,2004,367
PRTAS,2004,14
PTOFS,2004,1068
RAKSE,2004,204
RAYSG,2004,202
RKSEV,2004,68
SABAH,2004,4
SAHOL,2004,184
SANKO,2004,136
SAPAZ,2004,1
SARKY,2004,580
SASA,2004,2234
SEKFK,2004,27
SELGD,2004,320
SERVE,2004,84
SIFAS,2004,1251
SISE,2004,389
SKBNK,2004,3430
SKPLC,2004,827
SKTAS,2004,1361
SNPAM,2004,630
SODA,2004,898
SONME,2004,398
TACYO,2004,4
TATKS,2004,1928
TBORG,2004,259
TCELL,2004,2440
TEBNK,2004,2131
TEKFK,2004,19
TEKST,2004,938
TEKTU,2004,136
THYAO,2004,10956
TIRE,2004,805
TKBNK,2004,770
TNSAS,2004,4693
TOPFN,2004,11
TRCAS,2004,184
TRNSK,2004,11
TSKB,2004,278
TSKYO,2004,2
TSPOR,2004,4
TTRAK,2004,944
TUDDF,2004,614
TUKAS,2004,760
TUMTK,2004,760
TUPRS,2004,4309
UCAK,2004,1172
UKIM,2004,1097
ULKER,2004,1145
UNTAR,2004,5
UNYEC,2004,218
USAK,2004,216
UZEL,2004,1520
VAKFN,2004,41
VAKKO,2004,688
VANET,2004,95
VARYO,2004,3
VESTL,2004,11286
VKFRS,2004,5
VKFYT,2004,5
VKING,2004,292
YATAS,2004,874
YAZIC,2004,4
YKBNK,2004,10579
YKFIN,2004,67
YKRYO,2004,4
YKSGR,2004,864
YTFYO,2004,3
YUNSA,2004,993
ZOREN,2004,272
ABANA,2005,5
ACIBD,2005,4806
ADANA,2005,401
ADEL,2005,145
AEFES,2005,1006
AFMAS,2005,518
AFYON,2005,108
AKALT,2005,597
AKBNK,2005,11186
AKCNS,2005,869
AKENR,2005,299
AKGRT,2005,462
AKIPD,2005,959
AKMGY,2005,7
AKSA,2005,586
AKSUE,2005,20
AKYO,2005,3
ALARK,2005,37
ALCAR,2005,775
ALCTL,2005,271
ALFA,2005,17
ALKA,2005,226
ALKIM,2005,138
ALNTF,2005,602
ALTIN,2005,1504
ALYAG,2005,153
ANACM,2005,1752
ANELT,2005,235
ANHYT,2005,252
ANSGR,2005,564
ARAT,2005,454
ARCLK,2005,9203
ARENA,2005,258
ARFYO,2005,4
ARSAN,2005,1243
ASLAN,2005,236
ASUZU,2005,741
ASYAB,2005,1797
ATAYO,2005,2
ATLAS,2005,4
ATSYO,2005,3
AVIVA,2005,175
AVRSY,2005,3
AYCES,2005,182
AYEN,2005,80
BAGFS,2005,326
BAKAB,2005,272
BANVT,2005,1995
BEKO,2005,3907
BERDN,2005,736
BFREN,2005,246
BIMAS,2005,7129
BISAS,2005,288
BJKAS,2005,74
BOLUC,2005,224
BOSSA,2005,1872
BOYNR,2005,1957
BRISA,2005,1467
BRMEN,2005,1765
BROVA,2005,50
BRSAN,2005,1224
BRYAT,2005,18
BSHEV,2005,2686
BSOKE,2005,331
BTCIM,2005,386
BUCIM,2005,267
BUMYO,2005,4
BURCE,2005,221
BYSAN,2005,389
CBSBO,2005,75
CELHA,2005,323
CEMTS,2005,264
CEYLN,2005,143
CIMSA,2005,663
CLEBI,2005,2786
CMBTN,2005,114
CMENT,2005,447
CMLOJ,2005,71
CYTAS,2005,311
DARDL,2005,947
DENCM,2005,760
DENIZ,2005,5724
DENTA,2005,468
DERIM,2005,47
DESA,2005,843
DEVA,2005,1302
DGATE,2005,50
DGZTE,2005,1000
DITAS,2005,576
DMSAS,2005,642
DNZYO,2005,3
DOAS,2005,1350
DOBUR,2005,361
DOHOL,2005,112
DOKTS,2005,1872
DURDO,2005,289
DYHOL,2005,55
DYOBY,2005,787
ECBYO,2005,1
ECILC,2005,113
ECYAP,2005,2055
ECZYT,2005,4
EDIP,2005,944
EFES,2005,1791
EGCYO,2005,5
EGEEN,2005,474
EGGUB,2005,160
EGPRO,2005,385
EGSER,2005,1186
EMKEL,2005,112
EMNIS,2005,105
ENKAI,2005,28815
EPLAS,2005,315
ERBOS,2005,453
EREGL,2005,7085
ERSU,2005,118
ESCOM,2005,109
ESEMS,2005,44
EVNYO,2005,2
FACFA,2005,26
FENER,2005,11
FENIS,2005,435
FFKRL,2005,83
FINBN,2005,6499
FMIZP,2005,1
FNSYO,2005,3
FRIGO,2005,469
FROTO,2005,7964
FVORI,2005,8
GARAN,2005,10524
GARFA,2005,48
GDKYO,2005,2
GEDIZ,2005,186
GENTS,2005,335
GEREL,2005,2146
GIMA,2005,3262
GLYHO,2005,36
GOLDS,2005,403
GOLTS,2005,436
GOODY,2005,1496
GRNYO,2005,5
GSDHO,2005,22
GSRAY,2005,9
GUBRF,2005,445
GUSGR,2005,312
HDFYO,2005,1
HEKTS,2005,248
HZNDR,2005,114
IBTYO,2005,2
IDAS,2005,498
IHLAS,2005,716
INDES,2005,317
INFYO,2005,4
INTEM,2005,262
IPMAT,2005,287
ISAMB,2005,205
ISBTR,2005,17111
ISFIN,2005,81
ISGSY,2005,9
ISYAT,2005,4
IZMDC,2005,697
IZOCM,2005,468
KAPLM,2005,122
KARSN,2005,724
KARTN,2005,276
KAVPA,2005,4
KCHOL,2005,183
KENT,2005,1733
KERVT,2005,948
KIPA,2005,2060
KLBMO,2005,349
KLMSN,2005,747
KNFRT,2005,121
KONYA,2005,159
KORDS,2005,1187
KOTKS,2005,395
KOZAD,2005,50
KRDMD,2005,3460
KRSTL,2005,79
KRTEK,2005,588
KUTPO,2005,767
LINK,2005,91
LIOYS,2005,149
LOGO,2005,215
LUKSK,2005,146
MAALT,2005,276
MAKTK,2005,256
MEDYA,2005,2
MEGES,2005,92
MEMSA,2005,806
MERKO,2005,32
METUR,2005,3
MIGRS,2005,6790
MIPAZ,2005,44
MMART,2005,625
MNDRS,2005,3904
MRDIN,2005,303
MRSHL,2005,445
MRTGG,2005,180
MTEKS,2005,151
MUTLU,2005,561
MYZYO,2005,1
MZHLD,2005,20
NERGS,2005,4
NETAS,2005,548
NTHOL,2005,54
NTTUR,2005,66
NUHCM,2005,441
OKANT,2005,10
OLMKS,2005,693
OTKAR,2005,988
OYSAC,2005,224
OZFIN,2005,5
PARSN,2005,665
PENGD,2005,210
PERYO,2005,3
PETKM,2005,3879
PETUN,2005,525
PIMAS,2005,177
PINSU,2005,281
PKART,2005,85
PKENT,2005,96
PNSUT,2005,713
POLYL,2005,722
PRKAB,2005,362
PRKTE,2005,468
PRTAS,2005,11
PTOFS,2005,1149
RAKSE,2005,127
RAYSG,2005,211
RKSEV,2005,60
RYSAS,2005,305
SABAH,2005,2
SAHOL,2005,206
SANKO,2005,117
SAPAZ,2005,1
SARKY,2005,592
SASA,2005,1818
SEKFK,2005,30
SELEC,2005,4926
SELGD,2005,376
SERVE,2005,83
SIFAS,2005,1221
SISE,2005,396
SKBNK,2005,3409
SKPLC,2005,957
SKTAS,2005,1296
SNPAM,2005,363
SODA,2005,936
SONME,2005,387
TACYO,2005,4
TATKS,2005,1072
TBORG,2005,209
TCELL,2005,2818
TEBNK,2005,2633
TEKFK,2005,19
TEKST,2005,1112
TEKTU,2005,138
THYAO,2005,11121
TIRE,2005,983
TKBNK,2005,740
TNSAS,2005,5169
TOASO,2005,849
TOPFN,2005,8
TRCAS,2005,179
TRNSK,2005,13
TSKB,2005,288
TSKYO,2005,2
TSPOR,2005,6
TTRAK,2005,975
TUDDF,2005,775
TUKAS,2005,924
TUMTK,2005,797
TUPRS,2005,4302
UCAK,2005,1314
UKIM,2005,1036
ULKER,2005,1052
UNTAR,2005,6
USAK,2005,525
UZEL,2005,877
VAKBN,2005,7164
VAKFN,2005,44
VAKKO,2005,693
VANET,2005,60
VESBE,2005,2978
VESTL,2005,5631
VKFRS,2005,5
VKFYT,2005,5
VKING,2005,302
YATAS,2005,1145
YAZIC,2005,5
YKBNK,2005,10211
YKFIN,2005,56
YKRYO,2005,4
YKSGR,2005,871
YTFYO,2005,3
YUNSA,2005,1198
ZOREN,2005,296
ABANA,2006,4
ACIBD,2006,4962
ADANA,2006,406
ADEL,2006,190
AEFES,2006,10971
AFMAS,2006,492
AFYON,2006,129
AKALT,2006,619
AKBNK,2006,12333
AKCNS,2006,840
AKENR,2006,269
AKGRT,2006,519
AKIPD,2006,954
AKMGY,2006,6
AKSUE,2006,20
AKYO,2006,3
ALARK,2006,39
ALCAR,2006,778
ALCTL,2006,271
ALKIM,2006,132
ALNTF,2006,680
ALTIN,2006,1800
ANACM,2006,1603
ANELT,2006,438
ANHYT,2006,273
ANSGR,2006,589
ARAT,2006,39
ARCLK,2006,10462
ARENA,2006,262
ARFYO,2006,4
ARMDA,2006,124
ARSAN,2006,1700
ASLAN,2006,254
ASUZU,2006,738
ASYAB,2006,2365
ATAYO,2006,2
ATLAS,2006,5
ATSYO,2006,3
AVIVA,2006,193
AVRSY,2006,4
AYCES,2006,170
AYEN,2006,79
BAGFS,2006,328
BAKAB,2006,255
BANVT,2006,1911
BEKO,2006,3445
BERDN,2006,736
BFREN,2006,229
BIMAS,2006,7903
BISAS,2006,256
BJKAS,2006,72
BOLUC,2006,238
BOSSA,2006,1875
BOYNR,2006,1892
BRISA,2006,1506
BRMEN,2006,1514
BROVA,2006,31
BRSAN,2006,1648
BRYAT,2006,18
BSHEV,2006,2787
BSKYO,2006,2
BSOKE,2006,325
BTCIM,2006,384
BUCIM,2006,338
BUMYO,2006,5
BURCE,2006,220
BURVA,2006,54
BYSAN,2006,324
CARFA,2006,6444
CBSBO,2006,66
CCOLA,2006,4178
CELHA,2006,312
CEYLN,2006,66
CIMSA,2006,690
CLEBI,2006,4003
CMBTN,2006,117
CMENT,2006,486
CMLOJ,2006,75
CYTAS,2006,308
DARDL,2006,947
DENCM,2006,760
DENIZ,2006,6342
DENTA,2006,490
DERIM,2006,52
DESA,2006,1246
DEVA,2006,1422
DGATE,2006,50
DGZTE,2006,1041
DITAS,2006,559
DMSAS,2006,641
DNZYO,2006,3
DOAS,2006,1646
DOHOL,2006,123
DOKTS,2006,1897
DURDO,2006,302
DYHOL,2006,49
DYOBY,2006,764
ECBYO,2006,1
ECILC,2006,96
ECZYT,2006,4
EGCYO,2006,4
EGEEN,2006,491
EGESER,2006,1194
EGFIN,2006,4
EGGUB,2006,156
EGPRO,2006,399
EMKEL,2006,123
EMNIS,2006,102
ENKAI,2006,24053
EPLAS,2006,323
ERBOS,2006,462
ERSU,2006,146
ESCOM,2006,114
EURYO,2006,2
EVNYO,2006,2
FACFA,2006,29
FENER,2006,18
FENIS,2006,464
FFKRL,2006,103
FINBN,2006,7751
FMIZP,2006,1
FNSYO,2006,3
FONFK,2006,50
FORTS,2006,4334
FRIGO,2006,261
FROTO,2006,7991
FVORI,2006,12
GARAN,2006,11905
GARFA,2006,53
GDKYO,2006,2
GEDIZ,2006,208
GENTS,2006,357
GEREL,2006,145
GLYHO,2006,39
GOLDS,2006,593
GOLTS,2006,355
GOODY,2006,1367
GRNYO,2006,5
GSDHO,2006,23
GSRAY,2006,11
GUBRF,2006,452
GUSGR,2006,341
HDFYO,2006,1
HEKTS,2006,228
HZNDR,2006,130
IBTYO,2006,2
IDAS,2006,490
IHEVA,2006,255
IHLAS,2006,763
INDES,2006,324
INFYO,2006,4
INTEM,2006,308
IPMAT,2006,296
ISBTR,2006,18729
ISFIN,2006,81
ISGSY,2006,10
IZMDC,2006,726
IZOCM,2006,420
KAPLM,2006,121
KAREL,2006,600
KARSN,2006,727
KARTN,2006,277
KAVPA,2006,3
KCHOL,2006,193
KENT,2006,1873
KIPA,2006,3497
KLBMO,2006,376
KLMSN,2006,773
KNFRT,2006,118
KOCTF,2006,124
KONYA,2006,185
KORDS,2006,1255
KOZAD,2006,43
KRDMD,2006,3355
KRSTL,2006,69
KRTEK,2006,625
KUTPO,2006,767
LINK,2006,99
LOGO,2006,243
LUKSK,2006,175
MAALT,2006,218
MAKTK,2006,214
MEGES,2006,84
MEMSA,2006,405
MERKO,2006,221
METUR,2006,3
METYO,2006,2
MIGRS,2006,12010
MIPAZ,2006,45
MMART,2006,521
MNDRS,2006,4381
MRBYO,2006,2
MRDIN,2006,309
MRSHL,2006,444
MRTGG,2006,230
MTEKS,2006,90
MUTLU,2006,558
MYZYO,2006,1
NERGS,2006,4
NETAS,2006,757
NTHOL,2006,51
NTTUR,2006,83
NUHCM,2006,447
OKANT,2006,10
OLMKS,2006,656
OTKAR,2006,958
OYAYO,2006,2
OYAYO,2006,2
OYSAC,2006,243
OZFIN,2006,7
PARSN,2006,698
PENGD,2006,210
PETKM,2006,3595
PETUN,2006,512
PIMAS,2006,178
PINSU,2006,293
PKART,2006,66
PKENT,2006,91
PNSUT,2006,701
PRKAB,2006,429
PRKTE,2006,354
PRTAS,2006,9
PTOFS,2006,1137
RAKSE,2006,85
RAYSG,2006,220
RKSEV,2006,35
RYSAS,2006,333
SAHOL,2006,212
SANKO,2006,115
SARKY,2006,616
SASA,2006,1601
SEKFK,2006,28
SELGD,2006,320
SERVE,2006,78
SIFAS,2006,1172
SILVR,2006,221
SISE,2006,400
SKBNK,2006,3370
SKPLC,2006,993
SKTAS,2006,1131
SNPAM,2006,365
SODA,2006,961
SONME,2006,274
TACYO,2006,3
TAVHL,2006,10370
TBORG,2006,195
TCELL,2006,2941
TCRYO,2006,2
TEBNK,2006,3565
TEKFK,2006,19
TEKST,2006,
TEKTU,2006,157
THYAO,2006,12807
TIRE,2006,963
TKBNK,2006,719
TKSYO,2006,3
TRCAS,2006,15
TRNSK,2006,8
TSKB,2006,297
TSKYO,2006,2
TSPOR,2006,7
TTRAK,2006,959
TUDDF,2006,747
TUKAS,2006,991
TUMTK,2006,678
UCAK,2006,1303
UKIM,2006,818
ULKER,2006,1362
USAK,2006,444
UZEL,2006,969
VAKBN,2006,7679
VAKFN,2006,41
VAKKO,2006,693
VANET,2006,64
VARYO,2006,4
VESBE,2006,2953
VESTL,2006,
VKFRS,2006,4
VKFYT,2006,7
VKING,2006,311
YATAS,2006,1145
YAZIC,2006,5
YKBNK,2006,13477
YKFIN,2006,152
YKRYO,2006,4
YKSGR,2006,861
YTFYO,2006,3
YUNSA,2006,1227
ZOREN,2006,263
ACIBD,2007,4037
ADANA,2007,498
ADEL,2007,198
AEFES,2007,11234
AFMAS,2007,531
AFYON,2007,130
AKALT,2007,630
AKBNK,2007,13513
AKCNS,2007,1056
AKENR,2007,208
AKGRT,2007,576
AKIPD,2007,832
AKMGY,2007,5
AKSA,2007,589
AKSUE,2007,20
AKYO,2007,3
ALARK,2007,40
ALCAR,2007,760
ALCTL,2007,246
ALNTF,2007,868
ALTIN,2007,1982
ALYAG,2007,138
ANACM,2007,2080
ANELT,2007,412
ANHYT,2007,533
ANSGR,2007,674
ARCLK,2007,10842
ARENA,2007,301
ARMDA,2007,130
ARSAN,2007,1585
ASLAN,2007,506
ASUZU,2007,752
ASYAB,2007,3300
ATAYO,2007,2
ATLAS,2007,4
ATSYO,2007,3
AVIVA,2007,198
AVRSY,2007,5
AYCES,2007,180
AYEN,2007,73
BAGFS,2007,330
BAKAB,2007,292
BANVT,2007,2023
BEKO,2007,2637
BERDN,2007,643
BFREN,2007,289
BISAS,2007,175
BJKAS,2007,72
BOLUC,2007,248
BOSSA,2007,1977
BOYNR,2007,2105
BRISA,2007,1664
BRMEN,2007,655
BROVA,2007,30
BRSAN,2007,1505
BRYAT,2007,18
BSHEV,2007,3440
BSOKE,2007,310
BTCIM,2007,382
BUCIM,2007,332
BUMYO,2007,6
BURCE,2007,222
BURVA,2007,44
BYSAN,2007,332
CARFA,2007,7068
CBSBO,2007,51
CCOLA,2007,4882
CELHA,2007,318
CEMTS,2007,330
CEYLN,2007,80
CLEBI,2007,4200
CMBTN,2007,122
CMENT,2007,531
CRDFA,2007,39
CYTAS,2007,331
DARDL,2007,910
DENCM,2007,733
DENIZ,2007,7577
DENTA,2007,615
DERIM,2007,51
DESA,2007,1507
DEVA,2007,1922
DGATE,2007,41
DGZTE,2007,1089
DITAS,2007,527
DMSAS,2007,634
DNZYO,2007,2
DOAS,2007,1855
DOBUR,2007,377
DOHOL,2007,16467
DOKTS,2007,2006
DURDO,2007,335
DYHOL,2007,45
DYHOL,2007,45
DYOBY,2007,717
ECBYO,2007,1
ECILC,2007,20
ECZYT,2007,3
EGCYO,2007,5
EGEEN,2007,335
EGFIN,2007,3
EGGUB,2007,165
EGHOL,2007,
EGIYM,2007,
EGPRO,2007,403
EGSER,2007,1182
EMBYO,2007,2
EMKEL,2007,151
EMNIS,2007,105
ENKAI,2007,46018
EPLAS,2007,303
ERBOS,2007,414
EREGL,2007,7463
ERSU,2007,146
ESCOM,2007,91
ESEMS,2007,6
FENER,2007,18
FENIS,2007,474
FFKRL,2007,135
FINBN,2007,9061
FMIZP,2007,1
FNSYO,2007,3
FONFK,2007,46
FORTS,2007,5044
FRIGO,2007,307
FROTO,2007,9521
FVORI,2007,2008
GARAN,2007,14517
GARFA,2007,90
GDKYO,2007,2
GEDIZ,2007,209
GENTS,2007,357
GEREL,2007,170
GLYHO,2007,62
GOLDS,2007,715
GOLTS,2007,342
GOODY,2007,1391
GRNYO,2007,5
GSDHO,2007,24
GSRAY,2007,11
GUBRF,2007,435
GUSGR,2007,513
HALKB,2007,11484
HDFYO,2007,2
HEKTS,2007,277
HZNDR,2007,200
IBTYO,2007,2
IDAS,2007,385
IHEVA,2007,257
IHLAS,2007,790
INDES,2007,323
INFYO,2007,3
INTEM,2007,287
IPMAT,2007,243
ISAMB,2007,181
ISBTR,2007,19414
ISFIN,2007,97
ISGSY,2007,10
ISMEN,2007,289
ISYAT,2007,4
IZMDC,2007,740
KAPLM,2007,121
KAREL,2007,673
KARSN,2007,846
KARTN,2007,277
KAVPA,2007,3
KCHOL,2007,205
KENT,2007,1819
KERVT,2007,960
KIPA,2007,7117
KLBMO,2007,372
KLMSN,2007,840
KNFRT,2007,123
KOCTF,2007,126
KONYA,2007,190
KORDS,2007,4951
KOZAD,2007,33
KRDMD,2007,3240
KRSTL,2007,67
KRTEK,2007,624
KUTPO,2007,716
LINK,2007,2102
LOGO,2007,235
LUKSK,2007,152
MAALT,2007,212
MAKTK,2007,251
MEDYA,2007,4
MEGES,2007,66
MEMSA,2007,345
MERKO,2007,247
METUR,2007,5
METYO,2007,3
MIPAZ,2007,42
MNDRS,2007,4182
MRBYO,2007,2
MRDIN,2007,323
MRSHL,2007,435
MRTGG,2007,195
MTEKS,2007,64
MUTLU,2007,476
MYZYO,2007,2
MZBYO,2007,3
MZHLD,2007,17
MIGRS,2007,13659
NERGS,2007,3
NETAS,2007,1025
NTHOL,2007,48
NTTUR,2007,77
NUHCM,2007,457
OKANT,2007,6
OLMKS,2007,708
OTKAR,2007,1124
OYAYO,2007,2
OZFIN,2007,7
PARSN,2007,657
PENGD,2007,183
PETKM,2007,3356
PETUN,2007,561
PIMAS,2007,201
PINSU,2007,347
PKART,2007,99
PKENT,2007,31
PNSUT,2007,791
POLYL,2007,14
PRKAB,2007,427
PRKTE,2007,393
PRTAS,2007,13
PTOFS,2007,1205
RAYSG,2007,232
RYSAS,2007,288
SABAH,2007,5
SAHOL,2007,203
SANKO,2007,115
SAPAZ,2007,0
SARKY,2007,693
SASA,2007,1538
SEKFK,2007,28
SELEC,2007,4554
SELGD,2007,32
SERVE,2007,79
SIFAS,2007,1056
SILVR,2007,267
SISE,2007,401
SKBNK,2007,3824
SKPLC,2007,1066
SKTAS,2007,1206
SNPAM,2007,365
SODA,2007,1777
SONME,2007,255
TACYO,2007,2
TATKS,2007,1051
TAVHL,2007,10792
TBORG,2007,195
TCELL,2007,9989
TCRYO,2007,3
TEBNK,2007,5141
TEKFK,2007,29
TEKST,2007,1312
TEKST,2007,
TEKTU,2007,153
THYAO,2007,12951
TIRE,2007,1135
TKBNK,2007,695
TKSYO,2007,3
TOASO,2007,1073
TRCAS,2007,23
TRNSK,2007,9
TSKB,2007,314
TSKYO,2007,2
TSPOR,2007,7
TTRAK,2007,1265
TUKAS,2007,872
TUMTK,2007,542
TUPRS,2007,4746
UCAK,2007,338
UKIM,2007,523
ULKER,2007,1363
USAK,2007,395
UZEL,2007,1482
VAKFN,2007,41
VAKKO,2007,1321
VANET,2007,80
VARYO,2007,5
VESBE,2007,2993
VESTL,2007,4699
VKFRS,2007,4
VKFYT,2007,7
VKING,2007,323
YATAS,2007,1141
YAZIC,2007,6
YKBNK,2007,14249
YKFIN,2007,171
YKRYO,2007,4
YKSGR,2007,854
YTFYO,2007,3
YUNSA,2007,1308
ZOREN,2007,270
ACIBD,2008,4921
ADANA,2008,512
AEFES,2008,18054
AFMAS,2008,542
AFYON,2008,128
AKALT,2008,584
AKBNK,2008,14981
AKCNS,2008,1132
AKENR,2008,217
AKGRT,2008,592
AKIPD,2008,650
AKSA,2008,607
AKSUE,2008,20
AKYO,2008,3
ALARK,2008,2341
ALBRK,2008,1831
ALCAR,2008,693
ALCTL,2008,594
ALKA,2008,192
ALKIM,2008,121
ALNTF,2008,1006
ALTIN,2008,1928
ALYAG,2008,153
ANACM,2008,5095
ANELT,2008,446
ANHYT,2008,566
ANSGRT,2008,775
ARCLK,2008,12172
ARENA,2008,233
ARSAN,2008,1248
ASLAN,2008,477
ASUZU,2008,803
ASYAB,2008,3806
ATAYO,2008,2
ATLAS,2008,4
ATSYO,2008,3
AVIVA,2008,204
AVRSY,2008,5
AYCES,2008,159
AYEN,2008,89
BAGFS,2008,322
BAKAB,2008,295
BANVT,2008,2510
BERDN,2008,611
BFREN,2008,227
BISAS,2008,86
BJKAS,2008,70
BOLUC,2008,246
BOSSA,2008,1747
BOYNR,2008,2355
BRMEN,2008,47
BRSAN,2008,1248
BRYAT,2008,17
BSHEV,2008,3336
BSKYO,2008,3
BSOKE,2008,280
BTCIM,2008,370
BUCIM,2008,339
BUMYO,2008,6
BURCE,2008,198
BURVA,2008,38
BYSAN,2008,285
CARFA,2008,7112
CBSBO,2008,17
CCOLA,2008,10579
CELHA,2008,327
CEMTS,2008,293
CEYLN,2008,1
CIMSA,2008,970
CLEBI,2008,4383
CMBTN,2008,123
COMDO,2008,1523
CRDFA,2008,60
CYTAS,2008,101
DARDL,2008,860
DENCM,2008,632
DENIZ,2008,8255
DENTA,2008,630
DERIM,2008,41
DESA,2008,1694
DEVA,2008,1721
DGATE,2008,31
DITAS,2008,521
DMSAS,2008,536
DNZYO,2008,3
DOBUR,2008,331
DOHOL,2008,
DURDO,2008,229
DYHOL,2008,36
DYOBY,2008,558
ECBYO,2008,1
ECILC,2008,20
ECZYT,2008,2
EGCYO,2008,3
EGEEN,2008,319
EGFIN,2008,4
EGGUB,2008,175
EGPRO,2008,372
EGSER,2008,741
EMBYO,2008,3
EMNIS,2008,93
ENKAI,2008,28219
EPLAS,2008,307
ERBOS,2008,259
EREGL,2008,14637
ERSU,2008,132
ESCOM,2008,13
ESEMS,2008,4
ETYAT,2008,2013
FENER,2008,11
FENIS,2008,438
FFKRL,2008,136
FINBN,2008,9986
FMIZP,2008,1
FNSYO,2008,3
FONFK,2008,37
FORTS,2008,5326
FRIGO,2008,227
FROTO,2008,8164
FVORI,2008,1
GARAN,2008,16350
GARFA,2008,120
GDKYO,2008,2
GEDIZ,2008,159
GENTS,2008,357
GEREL,2008,189
GLYHO,2008,56
GOLDS,2008,416
GOLTS,2008,330
GOODY,2008,1344
GRNYO,2008,6
GSDHO,2008,28
GSRAY,2008,9
GUBRF,2008,375
GUSGR,2008,540
HALKB,2008,12900
HDFYO,2008,2
HEKTS,2008,354
HURGZ,2008,8040
HZNDR,2008,173
IBTYO,2008,3
IDAS,2008,371
IHEVA,2008,269
IHLAS,2008,795
INFYO,2008,2
INTEM,2008,281
IPMAT,2008,145
ISAMB,2008,106
ISBTR,2008,19414
ISFIN,2008,98
ISGSY,2008,11
ISMEN,2008,340
ISYAT,2008,4
IZMDC,2008,812
IZOCM,2008,436
KAPLM,2008,114
KAREL,2008,830
KARSN,2008,848
KARTN,2008,246
KENT,2008,1659
KERVT,2008,593
KIPA,2008,6925
KLBMO,2008,243
KLMSN,2008,737
KNFRT,2008,104
KOCTF,2008,146
KONYA,2008,173
KORDS,2008,3338
KOZAA,2008,33
KRDMD,2008,3190
KRSTL,2008,67
KUTPO,2008,1390
LINK,2008,54
LOGO,2008,159
LUKSK,2008,90
MAALT,2008,111
MAKTK,2008,262
MARTI,2008,255
METUR,2008,5
MIGRS,2008,15348
MIPAZ,2008,40
MNDRS,2008,4054
MRBYO,2008,2
MRDIN,2008,320
MRSHL,2008,367
MRTGG,2008,144
MTEKS,2008,30
MYZYO,2008,2
MZBYO,2008,4
NETAS,2008,1156
NUHCM,2008,464
OKANT,2008,2
OLMKS,2008,575
OTKAR,2008,1184
OYAYO,2008,2
PARSN,2008,577
PETKM,2008,2612
PETUN,2008,543
PIMAS,2008,288
PKART,2008,130
PKENT,2008,27
POLYL,2008,9
PRKAB,2008,403
PRKTE,2008,405
PRTAS,2008,18
PTOFS,2008,1205
RAYSG,2008,261
RYSAS,2008,239
SAHOL,2008,215
SANKO,2008,95
SARKY,2008,664
SASA,2008,1299
SELEC,2008,4600
SERVE,2008,78
SIFAS,2008,564
SILVR,2008,280
SISE,2008,422
SKBNK,2008,3924
SKPLC,2008,2008
SKTAS,2008,1200
SNPAM,2008,131
SODA,2008,992
SONME,2008,15
TATKS,2008,1520
TAVHL,2008,11235
TBORG,2008,187
TCELL,2008,10594
TCRYO,2008,3
TEBNK,2008,6221
TEKFK,2008,22
TEKST,2008,1410
TEKTU,2008,152
TIRE,2008,962
TKBNK,2008,721
TKFEN,2008,14998
TKSYO,2008,3
TRCAS,2008,27
TRNSK,2008,7
TSKB,2008,328
TSKYO,2008,3
TSPOR,2008,8
TTKOM,2008,34025
TTRAK,2008,1476
TUDDF,2008,1260
TUKAS,2008,778
TUMTK,2008,271
TUPRS,2008,5467
UCAK,2008,399
UKIM,2008,366
ULKER,2008,1290
UNYEC,2008,228
USAK,2008,332
VAKBN,2008,9567
VAKFN,2008,41
VAKKO,2008,1094
VANET,2008,36
VARYO,2008,4
VESBE,2008,3404
VKFRS,2008,4
VKFYT,2008,7
VKING,2008,250
YATAS,2008,1145
YAZIC,2008,9
YKBNK,2008,14795
YKRYO,2008,4
YKSGR,2008,888
YTFYO,2008,3
YUNSA,2008,1197
BURCE,1998,330
TURCAS,1998,165
YATAS,1998,
AKALT,1999,2271
AKBNK,1999,8383
ALARK,1999,45
ALFA,1999,
ATEKS,1999,1724
DOGUB,1999,143
ERCYS,1999,495
FNSYO,1999,
KENT,1999,
MEGES,1999,
PRTAS,1999,100
TBORG,1999,290
TOFAS,1999,205
VARYO,1999,3
YATAS,1999,
AKALT,2000,1978
AKGRT,2000,346
APEKS,2000,125
Ateks,2000,1671
CMBTN,2000,365
DOGUB,2000,138
DYHOL,2000,
FNSYO,2000,5
KCHOL,2000,170
NETAS,2000,921
SAHOL,2000,249
TBORG,2000,259
TKBNK,2000,941
VARYO,2000,3
AKALT,2001,1643
AKCNS,2001,904
ALKIM,2001,147
ASELS,2001,2744
Avrsy,2001,4
CMBTN,2001,230
dogub,2001,137
ECBYO,2001,1
Evren,2001,4
VARYO,2001,3
YASAS,2001,437
ATLAS,2002,4
AVRSY,2002,4
BISAS,2002,279
ESCOM,2002,68
EVREN,2002,4
GLBYO,2002,3
KUTPO,2002,821
TNSAS,2002,3996
TOASO,2002,4205
VARYO,2002,2
SODA,2002,1017
ATLAS,2003,2
AVRSY,2003,4
DOGUB,2003,71
EVREN,2003,2
FENER,2003,5
GLBYO,2003,2
HURGZ,2003,
IZMDC,2003,723
MZHLD,2003,
VARYO,2003,3
ATEKS,2004,1605
DJIST,2004,
DOGUB,2004,70
GRNYO,2004,3
IZMDC,2004,717
TOASO,2004,4430
ASELS,2005,3016
ATEKS,2005,1589
BURVA,2005,
DJIMT,2005,
DJIST,2005,
DOGUB,2005,71
EGFIN,2005,3
FORTS,2005,
HURGZ,2005,
IHEVA,2005,
NFIST,2005,
UNYEC,2005,223
VARYO,2005,2
OKANT,2005,10
AKSA,2006,568
ALKA,2006,193
ASELS,2006,3054
ATEKS,2006,1549
CEMTS,2006,311
DJIMT,2006,
DJIST,2006,
DOBUR,2006,
DOGUB,2006,61
edip,2006,
EREGL,2006,6674
GLDTR,2006,
HURGZ,2006,
ISYAT,2006,4
KERVT,2006,810
MZHLD,2006,20
NFIST,2006,
SELEC,2006,4697
SMIST,2006,
SPTUR,2006,
TATKS,2006,1342
TOASO,2006,5258
TUPRS,2006,4351
UNYEC,2006,225
GUBRF,2006,452
ABANA,2007,
ALKA,2007,193
ALKIM,2007,
ASELS,2007,3332
ATEKS,2007,1222
BIMAS,2007,9981
BSKYO,2007,2
CIMSA,2007,
DJIMT,2007,
DJIST,2007,
DOGUB,2007,33
EDIP,2007,
EVNYO,2007,
FBIST,2007,
GLDTR,2007,
HURGZ,2007,
ISDJE,2007,
IZOCM,2007,447
MMART,2007,
NFIST,2007,
SMIST,2007,
SPTUR,2007,
TKFEN,2007,15738
TTKOM,2007,38647
TUDDF,2007,
UNYEC,2007,228
VAKBN,2007,8700
ESCOM,2007,91
ADEL,2008,236
AKMGY,2008,4
ARMDA,2008,106
ASELS,2008,3675
ATEKS,2008,1508
AYGAZ,2008,1038
BIMAS,2008,10665
BRISA,2008,1565
BROVA,2008,11
CMENT,2008,532
DJIMT,2008,
DJIST,2008,
DOAS,2008,2005
DOGUB,2008,26
EDIP,2008,
EMKEL,2008,159
EVNYO,2008,2
FBIST,2008,
GLDTR,2008,
GRUND,2008,1987
INDES,2008,299
ISDJE,2008,
ISIGT,2008,
KCHOL,2008,200
KRTEK,2008,646
MEMSA,2008,309
MERKO,2008,217
METYO,2008,3
MUTLU,2008,543
MZHLD,2008,14
NFIST,2008,
NTHOL,2008,49
NTTUR,2008,66
PENGD,2008,
PINSU,2008,338
PNSUT,2008,773
SELGD,2008,24
SMIST,2008,
SPTUR,2008,
TACYO,2008,2
THYAO,2008,14072
TOASO,2008,1159
VESTL,2008,3905
YKFIN,2008,171
ZOREN,2008,911
TRKCM,1998,1587
TRKCM,1999,1532
TRKCM,2001,1470
TRKCM,2002,2204
TRKCM,2003,2041
TRKCM,2004,2038
TRKCM,2005,2283
TRKCM,2006,2769
TRKCM,2007,2894
TRKCM,2008,2886
AYGAZ,2005,1142
AYGAZ,2006,1100
AYGAZ,2007,1114
ECYAP,2006,2170
ECYAP,2007,1871
ECYAP,2008,1571
ALBRK,2007,1482
ARFYO,2007,4
ARFYO,2008,4
